Accession	Description	Sum PEP Score	Coverage [%]	# Peptides	# PSMs	# Unique Peptides	Score Sequest HT	MG-H (R) Positions	Carboxyethyl (K; R) Positions	source_file	source_table	source_row
O94851	[F-actin]-monooxygenase MICAL2 OS=Homo sapiens OX=9606 GN=MICAL2 PE=1 SV=1	24.927	5.96085409252669	6	27	5	51.24		Carboxyethyl [R518; K521]	00-data-raw/Donnellan et al. - 2022/Supplementary S2. Full list of MGO modified proteins.xlsx	Caov3 (Parental)	5
A0A2R8Y811	40S ribosomal protein S14 (Fragment) OS=Homo sapiens OX=9606 GN=RPS14 PE=1 SV=1	118.567	70.6666666666666	12	195	12	531.45		Carboxyethyl [K86; K96]	00-data-raw/Donnellan et al. - 2022/Supplementary S2. Full list of MGO modified proteins.xlsx	Caov3 (Parental)	6
P49588	Alanine--tRNA ligase, cytoplasmic OS=Homo sapiens OX=9606 GN=AARS1 PE=1 SV=2	237.467	38.8429752066115	41	485	41	1068.45	MG-H [R320]		00-data-raw/Donnellan et al. - 2022/Supplementary S2. Full list of MGO modified proteins.xlsx	Caov3 (Parental)	7
P40222	Alpha-taxilin OS=Homo sapiens OX=9606 GN=TXLNA PE=1 SV=3	186.867	54.029304029304	27	207	27	423.9		Carboxyethyl [R545]	00-data-raw/Donnellan et al. - 2022/Supplementary S2. Full list of MGO modified proteins.xlsx	Caov3 (Parental)	8
A6NKB8	Aminopeptidase B OS=Homo sapiens OX=9606 GN=RNPEP PE=1 SV=1	121.318	38.4615384615384	22	192	22	412.87		Carboxyethyl [R341]	00-data-raw/Donnellan et al. - 2022/Supplementary S2. Full list of MGO modified proteins.xlsx	Caov3 (Parental)	9
Q8IWZ3	Ankyrin repeat and KH domain-containing protein 1 OS=Homo sapiens OX=9606 GN=ANKHD1 PE=1 SV=1	76.153	9.99213217938631	19	90	13	150.67		Carboxyethyl [K1735]	00-data-raw/Donnellan et al. - 2022/Supplementary S2. Full list of MGO modified proteins.xlsx	Caov3 (Parental)	10
O75179	Ankyrin repeat domain-containing protein 17 OS=Homo sapiens OX=9606 GN=ANKRD17 PE=1 SV=3	54.535	6.06991932385708	13	55	7	85.86		Carboxyethyl [K401]	00-data-raw/Donnellan et al. - 2022/Supplementary S2. Full list of MGO modified proteins.xlsx	Caov3 (Parental)	11
P63010	AP-2 complex subunit beta OS=Homo sapiens OX=9606 GN=AP2B1 PE=1 SV=1	183.052	29.1355389541088	31	312	14	679.63		Carboxyethyl [K831]	00-data-raw/Donnellan et al. - 2022/Supplementary S2. Full list of MGO modified proteins.xlsx	Caov3 (Parental)	12
Q8IUR7	Armadillo repeat-containing protein 8 OS=Homo sapiens OX=9606 GN=ARMC8 PE=1 SV=2	54.434	24.8142644873699	16	89	16	109.37		Carboxyethyl [K502]	00-data-raw/Donnellan et al. - 2022/Supplementary S2. Full list of MGO modified proteins.xlsx	Caov3 (Parental)	13
Q9UBB4	Ataxin-10 OS=Homo sapiens OX=9606 GN=ATXN10 PE=1 SV=1	124.958	37.2631578947368	19	176	19	373.63	MG-H [R133]		00-data-raw/Donnellan et al. - 2022/Supplementary S2. Full list of MGO modified proteins.xlsx	Caov3 (Parental)	14
G3V325	ATP5MF-PTCD1 readthrough OS=Homo sapiens OX=9606 GN=ATP5MF-PTCD1 PE=4 SV=1	13.854	4.27236315086782	4	26	4	42.99		Carboxyethyl [K649]	00-data-raw/Donnellan et al. - 2022/Supplementary S2. Full list of MGO modified proteins.xlsx	Caov3 (Parental)	15
P33897	ATP-binding cassette sub-family D member 1 OS=Homo sapiens OX=9606 GN=ABCD1 PE=1 SV=2	26.604	8.32214765100671	5	23	5	55.43	MG-H [R711]	Carboxyethyl [R698; K708]	00-data-raw/Donnellan et al. - 2022/Supplementary S2. Full list of MGO modified proteins.xlsx	Caov3 (Parental)	16
Q8NE71	ATP-binding cassette sub-family F member 1 OS=Homo sapiens OX=9606 GN=ABCF1 PE=1 SV=2	298.832	41.3017751479289	38	403	37	1123.51		Carboxyethyl [K3; K6]	00-data-raw/Donnellan et al. - 2022/Supplementary S2. Full list of MGO modified proteins.xlsx	Caov3 (Parental)	17
Q9H2U1	ATP-dependent DNA/RNA helicase DHX36 OS=Homo sapiens OX=9606 GN=DHX36 PE=1 SV=2	79.894	21.5277777777777	16	98	16	192.83	MG-H [R280]	Carboxyethyl [R275]	00-data-raw/Donnellan et al. - 2022/Supplementary S2. Full list of MGO modified proteins.xlsx	Caov3 (Parental)	18
F8WCU9	AT-rich interactive domain-containing protein 2 (Fragment) OS=Homo sapiens OX=9606 GN=ARID2 PE=1 SV=2	33.296	7.03745743473325	10	36	10	31.1		Carboxyethyl [R227; K229]	00-data-raw/Donnellan et al. - 2022/Supplementary S2. Full list of MGO modified proteins.xlsx	Caov3 (Parental)	19
Q9NR09	Baculoviral IAP repeat-containing protein 6 OS=Homo sapiens OX=9606 GN=BIRC6 PE=1 SV=2	109.341	7.02079472925674	26	125	26	131.77	MG-H [R2902]	Carboxyethyl [K2907]	00-data-raw/Donnellan et al. - 2022/Supplementary S2. Full list of MGO modified proteins.xlsx	Caov3 (Parental)	20
Q9NYF8	Bcl-2-associated transcription factor 1 OS=Homo sapiens OX=9606 GN=BCLAF1 PE=1 SV=2	133.952	32.9347826086956	29	199	28	417.51		Carboxyethyl [K421]	00-data-raw/Donnellan et al. - 2022/Supplementary S2. Full list of MGO modified proteins.xlsx	Caov3 (Parental)	21
P13929	Beta-enolase OS=Homo sapiens OX=9606 GN=ENO3 PE=1 SV=5	88.484	37.7880184331797	14	266	9	427.38		Carboxyethyl [R50]	00-data-raw/Donnellan et al. - 2022/Supplementary S2. Full list of MGO modified proteins.xlsx	Caov3 (Parental)	22
Q53HL2	Borealin OS=Homo sapiens OX=9606 GN=CDCA8 PE=1 SV=2	17.05	16.7857142857142	5	23	5	26.06	MG-H [R268]		00-data-raw/Donnellan et al. - 2022/Supplementary S2. Full list of MGO modified proteins.xlsx	Caov3 (Parental)	23
Q9UHR4	Brain-specific angiogenesis inhibitor 1-associated protein 2-like protein 1 OS=Homo sapiens OX=9606 GN=BAIAP2L1 PE=1 SV=2	116.065	54.7945205479452	22	177	22	282.72		Carboxyethyl [K183]	00-data-raw/Donnellan et al. - 2022/Supplementary S2. Full list of MGO modified proteins.xlsx	Caov3 (Parental)	24
Q9H6U6	Breast carcinoma-amplified sequence 3 OS=Homo sapiens OX=9606 GN=BCAS3 PE=1 SV=3	12.912	7.75862068965517	5	11	5	4.28		Carboxyethyl [R630]	00-data-raw/Donnellan et al. - 2022/Supplementary S2. Full list of MGO modified proteins.xlsx	Caov3 (Parental)	25
P16152	Carbonyl reductase [NADPH] 1 OS=Homo sapiens OX=9606 GN=CBR1 PE=1 SV=3	123.166	54.5126353790613	14	328	10	776.9		Carboxyethyl [K239]	00-data-raw/Donnellan et al. - 2022/Supplementary S2. Full list of MGO modified proteins.xlsx	Caov3 (Parental)	26
A0A096LP69	CD99 antigen OS=Homo sapiens OX=9606 GN=CD99 PE=1 SV=1	19.555	15.2173913043478	3	16	2	44.86		Carboxyethyl [K156]	00-data-raw/Donnellan et al. - 2022/Supplementary S2. Full list of MGO modified proteins.xlsx	Caov3 (Parental)	27
Q96SN8	CDK5 regulatory subunit-associated protein 2 OS=Homo sapiens OX=9606 GN=CDK5RAP2 PE=1 SV=5	22.344	4.06761753829899	7	18	6	9.39		Carboxyethyl [R144]	00-data-raw/Donnellan et al. - 2022/Supplementary S2. Full list of MGO modified proteins.xlsx	Caov3 (Parental)	28
Q99715	Collagen alpha-1(XII) chain OS=Homo sapiens OX=9606 GN=COL12A1 PE=1 SV=2	131.091	12.8305582761998	32	148	32	189.19		Carboxyethyl [K132; R153]	00-data-raw/Donnellan et al. - 2022/Supplementary S2. Full list of MGO modified proteins.xlsx	Caov3 (Parental)	29
Q9NZB2	Constitutive coactivator of PPAR-gamma-like protein 1 OS=Homo sapiens OX=9606 GN=FAM120A PE=1 SV=2	157.114	30.7692307692307	27	257	23	588.82	MG-H [R291]		00-data-raw/Donnellan et al. - 2022/Supplementary S2. Full list of MGO modified proteins.xlsx	Caov3 (Parental)	30
Q5T3F8	CSC1-like protein 2 OS=Homo sapiens OX=9606 GN=TMEM63B PE=1 SV=1	18.916	9.13461538461538	5	23	5	28.82		Carboxyethyl [K249]	00-data-raw/Donnellan et al. - 2022/Supplementary S2. Full list of MGO modified proteins.xlsx	Caov3 (Parental)	31
Q13363	C-terminal-binding protein 1 OS=Homo sapiens OX=9606 GN=CTBP1 PE=1 SV=2	97.606	50	18	202	10	469.02		Carboxyethyl [R380]	00-data-raw/Donnellan et al. - 2022/Supplementary S2. Full list of MGO modified proteins.xlsx	Caov3 (Parental)	32
Q9NRF8	CTP synthase 2 OS=Homo sapiens OX=9606 GN=CTPS2 PE=1 SV=1	67.425	25.0853242320819	12	107	9	240.51		Carboxyethyl [R465; K466]	00-data-raw/Donnellan et al. - 2022/Supplementary S2. Full list of MGO modified proteins.xlsx	Caov3 (Parental)	33
Q7L576	Cytoplasmic FMR1-interacting protein 1 OS=Homo sapiens OX=9606 GN=CYFIP1 PE=1 SV=1	200.384	33.4397446129289	37	286	23	642.93	MG-H [R317]		00-data-raw/Donnellan et al. - 2022/Supplementary S2. Full list of MGO modified proteins.xlsx	Caov3 (Parental)	34
E7EVJ5	Cytoplasmic FMR1-interacting protein OS=Homo sapiens OX=9606 GN=CYFIP2 PE=1 SV=1	117.856	25.0203748981255	24	166	10	352.11	MG-H [R291]		00-data-raw/Donnellan et al. - 2022/Supplementary S2. Full list of MGO modified proteins.xlsx	Caov3 (Parental)	35
Q5VZ89	DENN domain-containing protein 4C OS=Homo sapiens OX=9606 GN=DENND4C PE=1 SV=3	10.928	2.67155578837087	4	11	4	5.87		Carboxyethyl [R1677]	00-data-raw/Donnellan et al. - 2022/Supplementary S2. Full list of MGO modified proteins.xlsx	Caov3 (Parental)	36
Q9Y315	Deoxyribose-phosphate aldolase OS=Homo sapiens OX=9606 GN=DERA PE=1 SV=2	30.443	28.6163522012578	7	32	7	70.65		Carboxyethyl [K282]	00-data-raw/Donnellan et al. - 2022/Supplementary S2. Full list of MGO modified proteins.xlsx	Caov3 (Parental)	37
P15924	Desmoplakin OS=Homo sapiens OX=9606 GN=DSP PE=1 SV=3	335.608	31.1041448972483	82	574	82	917.82		Carboxyethyl [R1403]	00-data-raw/Donnellan et al. - 2022/Supplementary S2. Full list of MGO modified proteins.xlsx	Caov3 (Parental)	38
A6NML8	Diaphanous homolog 2 (Drosophila), isoform CRA_c OS=Homo sapiens OX=9606 GN=DIAPH2 PE=1 SV=3	37.159	10.1277372262773	8	38	8	56.92	MG-H [R707]	Carboxyethyl [K704; K712]	00-data-raw/Donnellan et al. - 2022/Supplementary S2. Full list of MGO modified proteins.xlsx	Caov3 (Parental)	39
Q99615	DnaJ homolog subfamily C member 7 OS=Homo sapiens OX=9606 GN=DNAJC7 PE=1 SV=2	135.316	55.6680161943319	27	232	27	394.54		Carboxyethyl [R216]	00-data-raw/Donnellan et al. - 2022/Supplementary S2. Full list of MGO modified proteins.xlsx	Caov3 (Parental)	40
Q96M86	Dynein heavy chain domain-containing protein 1 OS=Homo sapiens OX=9606 GN=DNHD1 PE=2 SV=2	3.809	0.79949505575426	2	2	2	2.13	MG-H [R1541]	Carboxyethyl [K1542]	00-data-raw/Donnellan et al. - 2022/Supplementary S2. Full list of MGO modified proteins.xlsx	Caov3 (Parental)	41
Q7Z6Z7	E3 ubiquitin-protein ligase HUWE1 OS=Homo sapiens OX=9606 GN=HUWE1 PE=1 SV=3	402.601	20.233196159122	78	573	72	1000.19	MG-H [R2162]		00-data-raw/Donnellan et al. - 2022/Supplementary S2. Full list of MGO modified proteins.xlsx	Caov3 (Parental)	42
O94822	E3 ubiquitin-protein ligase listerin OS=Homo sapiens OX=9606 GN=LTN1 PE=1 SV=6	20.048	3.85050962627406	5	16	5	19.59	MG-H [R349; R353]		00-data-raw/Donnellan et al. - 2022/Supplementary S2. Full list of MGO modified proteins.xlsx	Caov3 (Parental)	43
A0A590UJW8	E3 ubiquitin-protein ligase OS=Homo sapiens OX=9606 GN=ITCH PE=1 SV=1	21.934	9.75903614457831	7	11	7	12.18		Carboxyethyl [R437; K440]	00-data-raw/Donnellan et al. - 2022/Supplementary S2. Full list of MGO modified proteins.xlsx	Caov3 (Parental)	44
A0A0A0MTR7	E3 ubiquitin-protein ligase RNF213 OS=Homo sapiens OX=9606 GN=RNF213 PE=1 SV=1	959.484	33.6662185519493	163	1459	162	2880.96	MG-H [R4764]		00-data-raw/Donnellan et al. - 2022/Supplementary S2. Full list of MGO modified proteins.xlsx	Caov3 (Parental)	45
P68104	Elongation factor 1-alpha 1 OS=Homo sapiens OX=9606 GN=EEF1A1 PE=1 SV=1	371.384	68.1818181818181	36	1771	19	4183.55		Carboxyethyl [K255]	00-data-raw/Donnellan et al. - 2022/Supplementary S2. Full list of MGO modified proteins.xlsx	Caov3 (Parental)	46
Q05639	Elongation factor 1-alpha 2 OS=Homo sapiens OX=9606 GN=EEF1A2 PE=1 SV=1	277.062	64.1468682505399	32	1552	15	3708.55		Carboxyethyl [K255]	00-data-raw/Donnellan et al. - 2022/Supplementary S2. Full list of MGO modified proteins.xlsx	Caov3 (Parental)	47
P26641	Elongation factor 1-gamma OS=Homo sapiens OX=9606 GN=EEF1G PE=1 SV=3	194.335	44.3935926773455	26	469	26	917.74	MG-H [R414]	Carboxyethyl [K401]	00-data-raw/Donnellan et al. - 2022/Supplementary S2. Full list of MGO modified proteins.xlsx	Caov3 (Parental)	48
O94919	Endonuclease domain-containing 1 protein OS=Homo sapiens OX=9606 GN=ENDOD1 PE=1 SV=2	53.707	31.4	11	80	11	170.3	MG-H [R22]	Carboxyethyl [R5]	00-data-raw/Donnellan et al. - 2022/Supplementary S2. Full list of MGO modified proteins.xlsx	Caov3 (Parental)	49
Q9UPY3	Endoribonuclease Dicer OS=Homo sapiens OX=9606 GN=DICER1 PE=1 SV=3	21.294	3.6420395421436	6	11	6	10.49	MG-H [R688; R692]		00-data-raw/Donnellan et al. - 2022/Supplementary S2. Full list of MGO modified proteins.xlsx	Caov3 (Parental)	50
H0Y498	ER degradation-enhancing alpha-mannosidase-like protein 3 (Fragment) OS=Homo sapiens OX=9606 GN=EDEM3 PE=1 SV=1	7.468	12.3684210526315	3	3	3	0	MG-H [R17]	Carboxyethyl [K21]	00-data-raw/Donnellan et al. - 2022/Supplementary S2. Full list of MGO modified proteins.xlsx	Caov3 (Parental)	51
P15311	Ezrin OS=Homo sapiens OX=9606 GN=EZR PE=1 SV=4	536.782	63.9931740614334	69	1291	52	2891.3	MG-H [R8]	Carboxyethyl [K3]	00-data-raw/Donnellan et al. - 2022/Supplementary S2. Full list of MGO modified proteins.xlsx	Caov3 (Parental)	52
Q9BXW9	Fanconi anemia group D2 protein OS=Homo sapiens OX=9606 GN=FANCD2 PE=1 SV=2	13.732	3.92832529290144	4	22	4	15.24		Carboxyethyl [R735]	00-data-raw/Donnellan et al. - 2022/Supplementary S2. Full list of MGO modified proteins.xlsx	Caov3 (Parental)	53
P22830	Ferrochelatase, mitochondrial OS=Homo sapiens OX=9606 GN=FECH PE=1 SV=2	52.505	36.1702127659574	10	73	10	115.64	MG-H [R2; R13]		00-data-raw/Donnellan et al. - 2022/Supplementary S2. Full list of MGO modified proteins.xlsx	Caov3 (Parental)	54
Q14315	Filamin-C OS=Homo sapiens OX=9606 GN=FLNC PE=1 SV=3	292.138	22.091743119266	50	449	39	908.37	MG-H [R1376]		00-data-raw/Donnellan et al. - 2022/Supplementary S2. Full list of MGO modified proteins.xlsx	Caov3 (Parental)	55
P04075	Fructose-bisphosphate aldolase A OS=Homo sapiens OX=9606 GN=ALDOA PE=1 SV=2	396.175	85.4395604395604	34	1084	30	2630.67		Carboxyethyl [K230]	00-data-raw/Donnellan et al. - 2022/Supplementary S2. Full list of MGO modified proteins.xlsx	Caov3 (Parental)	56
A0A087WUQ6	Glutathione peroxidase OS=Homo sapiens OX=9606 GN=GPX1 PE=1 SV=1	34.458	44.5544554455445	8	55	8	99.86	MG-H [R64]	Carboxyethyl [R68]	00-data-raw/Donnellan et al. - 2022/Supplementary S2. Full list of MGO modified proteins.xlsx	Caov3 (Parental)	57
P09211	Glutathione S-transferase P OS=Homo sapiens OX=9606 GN=GSTP1 PE=1 SV=2	84.234	60.9523809523809	10	231	9	516.83		Carboxyethyl [K121]	00-data-raw/Donnellan et al. - 2022/Supplementary S2. Full list of MGO modified proteins.xlsx	Caov3 (Parental)	58
P04406	Glyceraldehyde-3-phosphate dehydrogenase OS=Homo sapiens OX=9606 GN=GAPDH PE=1 SV=3	636.713	84.4776119402985	35	2636	3	7341.68	MG-H [R234]		00-data-raw/Donnellan et al. - 2022/Supplementary S2. Full list of MGO modified proteins.xlsx	Caov3 (Parental)	59
F8WAN9	GMP reductase OS=Homo sapiens OX=9606 GN=GMPR2 PE=1 SV=1	110.708	37.5358166189111	14	142	12	338.1		Carboxyethyl [R190]	00-data-raw/Donnellan et al. - 2022/Supplementary S2. Full list of MGO modified proteins.xlsx	Caov3 (Parental)	60
P07900	Heat shock protein HSP 90-alpha OS=Homo sapiens OX=9606 GN=HSP90AA1 PE=1 SV=5	922.564	63.5245901639344	81	3818	54	9517.74	MG-H [R620]		00-data-raw/Donnellan et al. - 2022/Supplementary S2. Full list of MGO modified proteins.xlsx	Caov3 (Parental)	61
P08238	Heat shock protein HSP 90-beta OS=Homo sapiens OX=9606 GN=HSP90AB1 PE=1 SV=4	932.207	78.0386740331491	85	3833	31	9527.6	MG-H [R177]	Carboxyethyl [K180; K411]	00-data-raw/Donnellan et al. - 2022/Supplementary S2. Full list of MGO modified proteins.xlsx	Caov3 (Parental)	62
Q02539	Histone H1.1 OS=Homo sapiens OX=9606 GN=H1-1 PE=1 SV=3	97.704	40.9302325581395	13	201	6	436.77		Carboxyethyl [R57]	00-data-raw/Donnellan et al. - 2022/Supplementary S2. Full list of MGO modified proteins.xlsx	Caov3 (Parental)	63
P62805	Histone H4 OS=Homo sapiens OX=9606 GN=H4C1 PE=1 SV=2	77.095	62.135922330097	13	131	13	285.96	MG-H [R79]	Carboxyethyl [K80]	00-data-raw/Donnellan et al. - 2022/Supplementary S2. Full list of MGO modified proteins.xlsx	Caov3 (Parental)	64
Q9H792	Inactive tyrosine-protein kinase PEAK1 OS=Homo sapiens OX=9606 GN=PEAK1 PE=1 SV=4	4.386	1.71821305841924	2	3	2	2.43	MG-H [R1059; R1062]		00-data-raw/Donnellan et al. - 2022/Supplementary S2. Full list of MGO modified proteins.xlsx	Caov3 (Parental)	65
A0A3F2YNW8	Inositol 1,4,5-trisphosphate receptor type 1 OS=Homo sapiens OX=9606 GN=ITPR1 PE=1 SV=1	163.916	15.3454545454545	35	222	29	341.35		Carboxyethyl [K957]	00-data-raw/Donnellan et al. - 2022/Supplementary S2. Full list of MGO modified proteins.xlsx	Caov3 (Parental)	66
Q14573	Inositol 1,4,5-trisphosphate receptor type 3 OS=Homo sapiens OX=9606 GN=ITPR3 PE=1 SV=2	288.087	24.5226506926244	58	401	52	656.7		Carboxyethyl [R1819; R1829]	00-data-raw/Donnellan et al. - 2022/Supplementary S2. Full list of MGO modified proteins.xlsx	Caov3 (Parental)	67
Q9UJF2-2	Isoform 2 of Ras GTPase-activating protein nGAP OS=Homo sapiens OX=9606 GN=RASAL2	12.661	3.359375	3	6	2	1.94	MG-H [R1197]		00-data-raw/Donnellan et al. - 2022/Supplementary S2. Full list of MGO modified proteins.xlsx	Caov3 (Parental)	68
Q01082-3	Isoform 2 of Spectrin beta chain, non-erythrocytic 1 OS=Homo sapiens OX=9606 GN=SPTBN1	1185.621	62.645011600928	153	1680	3	4027.07	MG-H [R1248]	Carboxyethyl [K1246]	00-data-raw/Donnellan et al. - 2022/Supplementary S2. Full list of MGO modified proteins.xlsx	Caov3 (Parental)	69
P67936-2	Isoform 2 of Tropomyosin alpha-4 chain OS=Homo sapiens OX=9606 GN=TPM4	437.963	82.7464788732394	52	668	12	1614.89		Carboxyethyl [K49; K51]	00-data-raw/Donnellan et al. - 2022/Supplementary S2. Full list of MGO modified proteins.xlsx	Caov3 (Parental)	70
Q13310-3	Isoform 3 of Polyadenylate-binding protein 4 OS=Homo sapiens OX=9606 GN=PABPC4	221.239	44.090909090909	34	458	25	1011.06	MG-H [R356]	Carboxyethyl [K361]	00-data-raw/Donnellan et al. - 2022/Supplementary S2. Full list of MGO modified proteins.xlsx	Caov3 (Parental)	71
P06753-4	Isoform 4 of Tropomyosin alpha-3 chain OS=Homo sapiens OX=9606 GN=TPM3	386.748	78.1376518218623	47	641	3	1582.73		Carboxyethyl [K177; K181]	00-data-raw/Donnellan et al. - 2022/Supplementary S2. Full list of MGO modified proteins.xlsx	Caov3 (Parental)	72
Q8WXA3-1	Isoform 5 of RUN and FYVE domain-containing protein 2 OS=Homo sapiens OX=9606 GN=RUFY2	11.351	9.61832061068702	5	13	3	14.03		Carboxyethyl [K548; K563]	00-data-raw/Donnellan et al. - 2022/Supplementary S2. Full list of MGO modified proteins.xlsx	Caov3 (Parental)	73
Q7Z406-6	Isoform 6 of Myosin-14 OS=Homo sapiens OX=9606 GN=MYH14	930.885	56.215676485272	138	1543	123	3790.13	MG-H [R1075]		00-data-raw/Donnellan et al. - 2022/Supplementary S2. Full list of MGO modified proteins.xlsx	Caov3 (Parental)	74
Q15149-8	Isoform 8 of Plectin OS=Homo sapiens OX=9606 GN=PLEC	1194.383	50.3204419889502	240	1826	2	3591.33	MG-H [R1529; R1531]	Carboxyethyl [R1529; R1531]	00-data-raw/Donnellan et al. - 2022/Supplementary S2. Full list of MGO modified proteins.xlsx	Caov3 (Parental)	75
P05783	Keratin, type I cytoskeletal 18 OS=Homo sapiens OX=9606 GN=KRT18 PE=1 SV=2	337.02	89.0697674418604	46	875	44	1671.01	MG-H [R429]	Carboxyethyl [K426]	00-data-raw/Donnellan et al. - 2022/Supplementary S2. Full list of MGO modified proteins.xlsx	Caov3 (Parental)	76
P02538	Keratin, type II cytoskeletal 6A OS=Homo sapiens OX=9606 GN=KRT6A PE=1 SV=3	127.066	40.9574468085106	23	246	14	428.74		Carboxyethyl [R260; K271]	00-data-raw/Donnellan et al. - 2022/Supplementary S2. Full list of MGO modified proteins.xlsx	Caov3 (Parental)	77
Q03252	Lamin-B2 OS=Homo sapiens OX=9606 GN=LMNB2 PE=1 SV=4	219.272	54.6774193548387	44	378	37	725.41	MG-H [R575]	Carboxyethyl [K578]	00-data-raw/Donnellan et al. - 2022/Supplementary S2. Full list of MGO modified proteins.xlsx	Caov3 (Parental)	78
G3V5T0	Maleylacetoacetate isomerase OS=Homo sapiens OX=9606 GN=GSTZ1 PE=1 SV=1	35.55	23.7623762376237	6	51	6	122.14		Carboxyethyl [R192; R201]	00-data-raw/Donnellan et al. - 2022/Supplementary S2. Full list of MGO modified proteins.xlsx	Caov3 (Parental)	79
Q5JXX2	Mortality factor 4-like protein 2 (Fragment) OS=Homo sapiens OX=9606 GN=MORF4L2 PE=1 SV=1	28.176	32.7683615819209	6	33	6	61.42		Carboxyethyl [R102; R104]	00-data-raw/Donnellan et al. - 2022/Supplementary S2. Full list of MGO modified proteins.xlsx	Caov3 (Parental)	80
Q6DN12	Multiple C2 and transmembrane domain-containing protein 2 OS=Homo sapiens OX=9606 GN=MCTP2 PE=1 SV=3	41.15	14.8063781321184	13	63	13	77.54	MG-H [R211]	Carboxyethyl [R209]	00-data-raw/Donnellan et al. - 2022/Supplementary S2. Full list of MGO modified proteins.xlsx	Caov3 (Parental)	81
Q9BQG0	Myb-binding protein 1A OS=Homo sapiens OX=9606 GN=MYBBP1A PE=1 SV=2	156.512	26.8825301204819	32	197	32	376.82	MG-H [R671]		00-data-raw/Donnellan et al. - 2022/Supplementary S2. Full list of MGO modified proteins.xlsx	Caov3 (Parental)	82
Q15746	Myosin light chain kinase, smooth muscle OS=Homo sapiens OX=9606 GN=MYLK PE=1 SV=4	206.165	26.5412748171368	39	228	38	365.55		Carboxyethyl [K960; K964]	00-data-raw/Donnellan et al. - 2022/Supplementary S2. Full list of MGO modified proteins.xlsx	Caov3 (Parental)	83
P35579	Myosin-9 OS=Homo sapiens OX=9606 GN=MYH9 PE=1 SV=4	1706.503	61.8877551020408	196	2792	164	7223.43	MG-H [R1191]		00-data-raw/Donnellan et al. - 2022/Supplementary S2. Full list of MGO modified proteins.xlsx	Caov3 (Parental)	84
Q9Y2A7	Nck-associated protein 1 OS=Homo sapiens OX=9606 GN=NCKAP1 PE=1 SV=1	207.934	32.5354609929078	39	324	39	599.66		Carboxyethyl [K735; R744]	00-data-raw/Donnellan et al. - 2022/Supplementary S2. Full list of MGO modified proteins.xlsx	Caov3 (Parental)	85
A0A5H1ZRP4	Negative elongation factor B OS=Homo sapiens OX=9606 GN=NELFB PE=1 SV=1	41.071	19.2675159235668	11	69	10	90.09		Carboxyethyl [R21]	00-data-raw/Donnellan et al. - 2022/Supplementary S2. Full list of MGO modified proteins.xlsx	Caov3 (Parental)	86
Q8NF91	Nesprin-1 OS=Homo sapiens OX=9606 GN=SYNE1 PE=1 SV=4	6.51	0.454700466067977	3	4	2	6.19		Carboxyethyl [R4474]	00-data-raw/Donnellan et al. - 2022/Supplementary S2. Full list of MGO modified proteins.xlsx	Caov3 (Parental)	87
Q09666	Neuroblast differentiation-associated protein AHNAK OS=Homo sapiens OX=9606 GN=AHNAK PE=1 SV=2	2608.923	75.8404074702886	334	3815	334	8945.85		Carboxyethyl [K1333; K2257; K2463; K3601; K4074; K4128; K4592; K8717]	00-data-raw/Donnellan et al. - 2022/Supplementary S2. Full list of MGO modified proteins.xlsx	Caov3 (Parental)	88
Q8N5F7	NF-kappa-B-activating protein OS=Homo sapiens OX=9606 GN=NKAP PE=1 SV=1	17.258	12.5301204819277	3	10	3	31.56	MG-H [R12]	Carboxyethyl [R8]	00-data-raw/Donnellan et al. - 2022/Supplementary S2. Full list of MGO modified proteins.xlsx	Caov3 (Parental)	89
O75376	Nuclear receptor corepressor 1 OS=Homo sapiens OX=9606 GN=NCOR1 PE=1 SV=2	33.083	5.08196721311475	8	27	7	28.63		Carboxyethyl [R1677]	00-data-raw/Donnellan et al. - 2022/Supplementary S2. Full list of MGO modified proteins.xlsx	Caov3 (Parental)	90
Q7Z3B4	Nucleoporin p54 OS=Homo sapiens OX=9606 GN=NUP54 PE=1 SV=2	53.024	26.6272189349112	14	99	14	117.51	MG-H [R448]	Carboxyethyl [R439]	00-data-raw/Donnellan et al. - 2022/Supplementary S2. Full list of MGO modified proteins.xlsx	Caov3 (Parental)	91
Q06710	Paired box protein Pax-8 OS=Homo sapiens OX=9606 GN=PAX8 PE=1 SV=2	11.628	10	3	9	3	9.53	MG-H [R220]	Carboxyethyl [K221]	00-data-raw/Donnellan et al. - 2022/Supplementary S2. Full list of MGO modified proteins.xlsx	Caov3 (Parental)	92
Q5JVF3	PCI domain-containing protein 2 OS=Homo sapiens OX=9606 GN=PCID2 PE=1 SV=2	43.322	32.8320802005012	11	49	11	76.08		Carboxyethyl [K177]	00-data-raw/Donnellan et al. - 2022/Supplementary S2. Full list of MGO modified proteins.xlsx	Caov3 (Parental)	93
O15067	Phosphoribosylformylglycinamidine synthase OS=Homo sapiens OX=9606 GN=PFAS PE=1 SV=4	69.579	14.8729446935724	15	105	14	135.43		Carboxyethyl [R1201; R1205; R1210]	00-data-raw/Donnellan et al. - 2022/Supplementary S2. Full list of MGO modified proteins.xlsx	Caov3 (Parental)	94
Q10471	Polypeptide N-acetylgalactosaminyltransferase 2 OS=Homo sapiens OX=9606 GN=GALNT2 PE=1 SV=1	150.142	41.5061295971979	28	274	28	555.05	MG-H [R291]	Carboxyethyl [R519]	00-data-raw/Donnellan et al. - 2022/Supplementary S2. Full list of MGO modified proteins.xlsx	Caov3 (Parental)	95
Q8IY21	Probable ATP-dependent RNA helicase DDX60 OS=Homo sapiens OX=9606 GN=DDX60 PE=1 SV=3	49.052	9.34579439252336	13	50	13	63.16		Carboxyethyl [R1259]	00-data-raw/Donnellan et al. - 2022/Supplementary S2. Full list of MGO modified proteins.xlsx	Caov3 (Parental)	96
Q9Y3A2	Probable U3 small nucleolar RNA-associated protein 11 OS=Homo sapiens OX=9606 GN=UTP11 PE=1 SV=2	6.456	13.8339920948616	3	8	3	2.08	MG-H [R164]		00-data-raw/Donnellan et al. - 2022/Supplementary S2. Full list of MGO modified proteins.xlsx	Caov3 (Parental)	97
Q92733	Proline-rich protein PRCC OS=Homo sapiens OX=9606 GN=PRCC PE=1 SV=1	24.484	11.6089613034623	4	28	4	47.43		Carboxyethyl [K250]	00-data-raw/Donnellan et al. - 2022/Supplementary S2. Full list of MGO modified proteins.xlsx	Caov3 (Parental)	98
J3KN16	Proteasome adapter and scaffold protein ECM29 OS=Homo sapiens OX=9606 GN=ECPAS PE=1 SV=1	271.132	25.2354982647496	48	489	48	832.79		Carboxyethyl [K476]	00-data-raw/Donnellan et al. - 2022/Supplementary S2. Full list of MGO modified proteins.xlsx	Caov3 (Parental)	99
P28062	Proteasome subunit beta type-8 OS=Homo sapiens OX=9606 GN=PSMB8 PE=1 SV=3	97.655	35.8695652173913	11	129	11	327.97		Carboxyethyl [R230]	00-data-raw/Donnellan et al. - 2022/Supplementary S2. Full list of MGO modified proteins.xlsx	Caov3 (Parental)	100
Q86UE4	Protein LYRIC OS=Homo sapiens OX=9606 GN=MTDH PE=1 SV=2	127.571	36.254295532646	20	185	20	350.41	MG-H [R142]		00-data-raw/Donnellan et al. - 2022/Supplementary S2. Full list of MGO modified proteins.xlsx	Caov3 (Parental)	101
P48634	Protein PRRC2A OS=Homo sapiens OX=9606 GN=PRRC2A PE=1 SV=3	124.548	16.9680111265646	26	175	23	301.2		Carboxyethyl [K901; R904]	00-data-raw/Donnellan et al. - 2022/Supplementary S2. Full list of MGO modified proteins.xlsx	Caov3 (Parental)	102
Q9P258	Protein RCC2 OS=Homo sapiens OX=9606 GN=RCC2 PE=1 SV=2	176.868	48.6590038314176	24	286	24	699.04	MG-H [R194]		00-data-raw/Donnellan et al. - 2022/Supplementary S2. Full list of MGO modified proteins.xlsx	Caov3 (Parental)	103
P21980	Protein-glutamine gamma-glutamyltransferase 2 OS=Homo sapiens OX=9606 GN=TGM2 PE=1 SV=2	309.177	41.3391557496361	33	505	33	1276.32	MG-H [R34; R35]		00-data-raw/Donnellan et al. - 2022/Supplementary S2. Full list of MGO modified proteins.xlsx	Caov3 (Parental)	104
Q58FF8	Putative heat shock protein HSP 90-beta 2 OS=Homo sapiens OX=9606 GN=HSP90AB2P PE=1 SV=2	178.139	31.4960629921259	20	384	2	860.37		Carboxyethyl [K323]	00-data-raw/Donnellan et al. - 2022/Supplementary S2. Full list of MGO modified proteins.xlsx	Caov3 (Parental)	105
P50395	Rab GDP dissociation inhibitor beta OS=Homo sapiens OX=9606 GN=GDI2 PE=1 SV=2	427.736	69.6629213483146	43	555	34	1334.72	MG-H [R423]		00-data-raw/Donnellan et al. - 2022/Supplementary S2. Full list of MGO modified proteins.xlsx	Caov3 (Parental)	106
A0A2R8Y5S7	Radixin OS=Homo sapiens OX=9606 GN=RDX PE=1 SV=1	339.397	60.3389830508474	50	665	27	1282.08	MG-H [R8]	Carboxyethyl [K3]	00-data-raw/Donnellan et al. - 2022/Supplementary S2. Full list of MGO modified proteins.xlsx	Caov3 (Parental)	107
P51149	Ras-related protein Rab-7a OS=Homo sapiens OX=9606 GN=RAB7A PE=1 SV=1	118.772	62.8019323671497	16	216	16	606.09		Carboxyethyl [K32; K38]	00-data-raw/Donnellan et al. - 2022/Supplementary S2. Full list of MGO modified proteins.xlsx	Caov3 (Parental)	108
E7EVL6	Replication initiator 1 (Fragment) OS=Homo sapiens OX=9606 GN=REPIN1 PE=1 SV=1	22.35	27.3972602739726	3	11	3	22.85		Carboxyethyl [R55]	00-data-raw/Donnellan et al. - 2022/Supplementary S2. Full list of MGO modified proteins.xlsx	Caov3 (Parental)	109
A0A087WWE7	Ribosomal biogenesis factor OS=Homo sapiens OX=9606 GN=RBIS PE=1 SV=1	10.015	36.0655737704918	2	15	2	20.96		Carboxyethyl [K30]	00-data-raw/Donnellan et al. - 2022/Supplementary S2. Full list of MGO modified proteins.xlsx	Caov3 (Parental)	110
O43295	SLIT-ROBO Rho GTPase-activating protein 3 OS=Homo sapiens OX=9606 GN=SRGAP3 PE=1 SV=3	12.101	6.73339399454049	5	7	5	2.8		Carboxyethyl [K190]	00-data-raw/Donnellan et al. - 2022/Supplementary S2. Full list of MGO modified proteins.xlsx	Caov3 (Parental)	111
Q3KQZ1	Solute carrier family 25 member 35 OS=Homo sapiens OX=9606 GN=SLC25A35 PE=2 SV=1	6.852	11.3333333333333	2	12	2	13.05		Carboxyethyl [K127]	00-data-raw/Donnellan et al. - 2022/Supplementary S2. Full list of MGO modified proteins.xlsx	Caov3 (Parental)	112
Q01082	Spectrin beta chain, non-erythrocytic 1 OS=Homo sapiens OX=9606 GN=SPTBN1 PE=1 SV=2	1291.023	62.7749576988155	166	1831	16	4451.94	MG-H [R1261]	Carboxyethyl [K1259]	00-data-raw/Donnellan et al. - 2022/Supplementary S2. Full list of MGO modified proteins.xlsx	Caov3 (Parental)	113
O15020	Spectrin beta chain, non-erythrocytic 2 OS=Homo sapiens OX=9606 GN=SPTBN2 PE=1 SV=3	184.425	19.0794979079497	38	231	27	414.46		Carboxyethyl [K2304]	00-data-raw/Donnellan et al. - 2022/Supplementary S2. Full list of MGO modified proteins.xlsx	Caov3 (Parental)	114
O95347	Structural maintenance of chromosomes protein 2 OS=Homo sapiens OX=9606 GN=SMC2 PE=1 SV=2	149.682	25.31328320802	30	226	30	428.76		Carboxyethyl [R566]	00-data-raw/Donnellan et al. - 2022/Supplementary S2. Full list of MGO modified proteins.xlsx	Caov3 (Parental)	115
Q9Y490	Talin-1 OS=Homo sapiens OX=9606 GN=TLN1 PE=1 SV=3	772.459	46.6351829988193	110	1274	95	3039.88	MG-H [R1340]	Carboxyethyl [K1332]	00-data-raw/Donnellan et al. - 2022/Supplementary S2. Full list of MGO modified proteins.xlsx	Caov3 (Parental)	116
Q9BYX2	TBC1 domain family member 2A OS=Homo sapiens OX=9606 GN=TBC1D2 PE=1 SV=3	47.78	11.0991379310344	8	63	8	136.41		Carboxyethyl [K770; R773]	00-data-raw/Donnellan et al. - 2022/Supplementary S2. Full list of MGO modified proteins.xlsx	Caov3 (Parental)	117
P63313	Thymosin beta-10 OS=Homo sapiens OX=9606 GN=TMSB10 PE=1 SV=2	175.217	95.4545454545454	11	230	10	722.86		Carboxyethyl [K39; R40]	00-data-raw/Donnellan et al. - 2022/Supplementary S2. Full list of MGO modified proteins.xlsx	Caov3 (Parental)	118
Q8WZ42	Titin OS=Homo sapiens OX=9606 GN=TTN PE=1 SV=4	10.693	0.1863173216885	5	17	5	4.32		Carboxyethyl [K3154; K28981]	00-data-raw/Donnellan et al. - 2022/Supplementary S2. Full list of MGO modified proteins.xlsx	Caov3 (Parental)	119
Q6IPX3	Transcription elongation factor A protein-like 6 OS=Homo sapiens OX=9606 GN=TCEAL6 PE=2 SV=1	24.615	33.5	7	60	2	75.87		Carboxyethyl [K99; R100]	00-data-raw/Donnellan et al. - 2022/Supplementary S2. Full list of MGO modified proteins.xlsx	Caov3 (Parental)	120
Q7KZ85	Transcription elongation factor SPT6 OS=Homo sapiens OX=9606 GN=SUPT6H PE=1 SV=2	84.446	15.9907300115874	20	82	20	108.42		Carboxyethyl [R1113]	00-data-raw/Donnellan et al. - 2022/Supplementary S2. Full list of MGO modified proteins.xlsx	Caov3 (Parental)	121
F2Z2U4	Transformation/transcription domain-associated protein OS=Homo sapiens OX=9606 GN=TRRAP PE=1 SV=3	99.178	8.93970893970894	30	141	30	110.86	MG-H [R1143]		00-data-raw/Donnellan et al. - 2022/Supplementary S2. Full list of MGO modified proteins.xlsx	Caov3 (Parental)	122
Q9H061	Transmembrane protein 126A OS=Homo sapiens OX=9606 GN=TMEM126A PE=1 SV=1	22.156	36.4102564102564	6	39	6	45.32	MG-H [R29; R55]		00-data-raw/Donnellan et al. - 2022/Supplementary S2. Full list of MGO modified proteins.xlsx	Caov3 (Parental)	123
U3KQK2	Tropomyosin beta chain (Fragment) OS=Homo sapiens OX=9606 GN=TPM2 PE=1 SV=1	88.128	79.2792792792792	18	175	6	336.49		Carboxyethyl [K106]	00-data-raw/Donnellan et al. - 2022/Supplementary S2. Full list of MGO modified proteins.xlsx	Caov3 (Parental)	124
Q9BQE3	Tubulin alpha-1C chain OS=Homo sapiens OX=9606 GN=TUBA1C PE=1 SV=1	362.325	76.6146993318485	31	961	11	2163.37		Carboxyethyl [K124]	00-data-raw/Donnellan et al. - 2022/Supplementary S2. Full list of MGO modified proteins.xlsx	Caov3 (Parental)	125
Q9NZ09	Ubiquitin-associated protein 1 OS=Homo sapiens OX=9606 GN=UBAP1 PE=1 SV=1	4.755	5.17928286852589	2	3	2	0	MG-H [R50]		00-data-raw/Donnellan et al. - 2022/Supplementary S2. Full list of MGO modified proteins.xlsx	Caov3 (Parental)	126
Q16222	UDP-N-acetylhexosamine pyrophosphorylase OS=Homo sapiens OX=9606 GN=UAP1 PE=1 SV=3	64.736	33.3333333333333	16	107	14	166.47		Carboxyethyl [K188]	00-data-raw/Donnellan et al. - 2022/Supplementary S2. Full list of MGO modified proteins.xlsx	Caov3 (Parental)	127
P06132	Uroporphyrinogen decarboxylase OS=Homo sapiens OX=9606 GN=UROD PE=1 SV=2	54.423	24.7956403269754	9	99	9	213.99	MG-H [R179]	Carboxyethyl [K178]	00-data-raw/Donnellan et al. - 2022/Supplementary S2. Full list of MGO modified proteins.xlsx	Caov3 (Parental)	128
Q9P0L0	Vesicle-associated membrane protein-associated protein A OS=Homo sapiens OX=9606 GN=VAPA PE=1 SV=3	114.375	52.6104417670682	17	239	16	515.6		Carboxyethyl [R194; R197]	00-data-raw/Donnellan et al. - 2022/Supplementary S2. Full list of MGO modified proteins.xlsx	Caov3 (Parental)	129
Q8WU90	Zinc finger CCCH domain-containing protein 15 OS=Homo sapiens OX=9606 GN=ZC3H15 PE=1 SV=1	101.401	48.5915492957746	22	179	22	261.99		Carboxyethyl [K259]	00-data-raw/Donnellan et al. - 2022/Supplementary S2. Full list of MGO modified proteins.xlsx	Caov3 (Parental)	130
