Accession	Description	Sum PEP Score	Coverage [%]	# Peptides	# Unique Peptides	Score Sequest HT	MG-H1 (R) Count	MG-H1 (R) Positions	Carboxyethyl (K; R) Positions	source_file	source_table	source_row
P62258	14-3-3 protein epsilon OS=Homo sapiens OX=9606 GN=YWHAE PE=1 SV=1	158.143	61.9607843137254	24	23	451.15	1	MG-H1 [R19]		00-data-raw/Donnellan et al. - 2022/Supplementary S2. Full list of MGO modified proteins.xlsx	PBL	5
P68133	Actin, alpha skeletal muscle OS=Homo sapiens OX=9606 GN=ACTA1 PE=1 SV=1	272.554	42.4403183023872	24	9	1191.76	3	MG-H1 [R30; R39; R41]	Carboxyethyl [R30; R39; R41]	00-data-raw/Donnellan et al. - 2022/Supplementary S2. Full list of MGO modified proteins.xlsx	PBL	6
A0A2R8Y793	Actin, cytoplasmic 1 (Fragment) OS=Homo sapiens OX=9606 GN=ACTB PE=1 SV=1	422.522	78.3171521035598	25	10	2605.72	4	MG-H1 [R28; R37; R39; R95]	Carboxyethyl [R28; R37; R39; K118; R190]	00-data-raw/Donnellan et al. - 2022/Supplementary S2. Full list of MGO modified proteins.xlsx	PBL	7
P53999	Activated RNA polymerase II transcriptional coactivator p15 OS=Homo sapiens OX=9606 GN=SUB1 PE=1 SV=3	92.362	51.1811023622047	10	10	229.91	0		Carboxyethyl [K101]	00-data-raw/Donnellan et al. - 2022/Supplementary S2. Full list of MGO modified proteins.xlsx	PBL	8
P61163	Alpha-centractin OS=Homo sapiens OX=9606 GN=ACTR1A PE=1 SV=1	54.736	19.1489361702127	9	5	78.71	0		Carboxyethyl [K238]	00-data-raw/Donnellan et al. - 2022/Supplementary S2. Full list of MGO modified proteins.xlsx	PBL	9
E9PLK3	Aminopeptidase OS=Homo sapiens OX=9606 GN=NPEPPS PE=1 SV=1	138.185	28.1967213114754	25	25	198.93	0		Carboxyethyl [R516]	00-data-raw/Donnellan et al. - 2022/Supplementary S2. Full list of MGO modified proteins.xlsx	PBL	10
Q9Y679	Ancient ubiquitous protein 1 OS=Homo sapiens OX=9606 GN=AUP1 PE=1 SV=2	11.743	14.1463414634146	5	5	11.56	0		Carboxyethyl [K264]	00-data-raw/Donnellan et al. - 2022/Supplementary S2. Full list of MGO modified proteins.xlsx	PBL	11
P80723	Brain acid soluble protein 1 OS=Homo sapiens OX=9606 GN=BASP1 PE=1 SV=2	207.161	92.9515418502202	23	18	242.89	0		Carboxyethyl [K210]	00-data-raw/Donnellan et al. - 2022/Supplementary S2. Full list of MGO modified proteins.xlsx	PBL	12
P16152	Carbonyl reductase [NADPH] 1 OS=Homo sapiens OX=9606 GN=CBR1 PE=1 SV=3	65.22	42.2382671480144	10	5	142.9	0		Carboxyethyl [K239]	00-data-raw/Donnellan et al. - 2022/Supplementary S2. Full list of MGO modified proteins.xlsx	PBL	13
Q9BXL7	Caspase recruitment domain-containing protein 11 OS=Homo sapiens OX=9606 GN=CARD11 PE=1 SV=3	16.901	5.28596187175043	6	5	25.54	1	MG-H1 [R179]		00-data-raw/Donnellan et al. - 2022/Supplementary S2. Full list of MGO modified proteins.xlsx	PBL	14
Q5SZE1	Ceramide synthase 2 (Fragment) OS=Homo sapiens OX=9606 GN=CERS2 PE=1 SV=2	38.022	12.5	6	6	45.98	1	MG-H1 [R77]		00-data-raw/Donnellan et al. - 2022/Supplementary S2. Full list of MGO modified proteins.xlsx	PBL	15
E7EW49	CLIP-associating protein 2 OS=Homo sapiens OX=9606 GN=CLASP2 PE=1 SV=1	35.286	6.73712021136063	9	7	32.68	1	MG-H1 [R203]		00-data-raw/Donnellan et al. - 2022/Supplementary S2. Full list of MGO modified proteins.xlsx	PBL	16
O60826	Coiled-coil domain-containing protein 22 OS=Homo sapiens OX=9606 GN=CCDC22 PE=1 SV=1	62.889	27.2727272727272	14	14	71.83	0		Carboxyethyl [R623]	00-data-raw/Donnellan et al. - 2022/Supplementary S2. Full list of MGO modified proteins.xlsx	PBL	17
A0A590UK19	Coiled-coil domain-containing protein 30 OS=Homo sapiens OX=9606 GN=CCDC30 PE=4 SV=1	4.66	1.91693290734824	3	3	1.87	0		Carboxyethyl [K70]	00-data-raw/Donnellan et al. - 2022/Supplementary S2. Full list of MGO modified proteins.xlsx	PBL	18
J3KNI1	Conserved oligomeric Golgi complex subunit 4 OS=Homo sapiens OX=9606 GN=COG4 PE=1 SV=1	23.712	9.63244613434727	6	6	12.37	0		Carboxyethyl [R198; K200]	00-data-raw/Donnellan et al. - 2022/Supplementary S2. Full list of MGO modified proteins.xlsx	PBL	19
Q13363	C-terminal-binding protein 1 OS=Homo sapiens OX=9606 GN=CTBP1 PE=1 SV=2	54.567	30.9090909090909	11	9	72.48	0		Carboxyethyl [R380]	00-data-raw/Donnellan et al. - 2022/Supplementary S2. Full list of MGO modified proteins.xlsx	PBL	20
A0A1B0GUM4	Cyclin-dependent kinase-like 5 OS=Homo sapiens OX=9606 GN=CDKL5 PE=1 SV=1	3.922	2.83768444948921	2	2	5.69	0		Carboxyethyl [K236]	00-data-raw/Donnellan et al. - 2022/Supplementary S2. Full list of MGO modified proteins.xlsx	PBL	21
Q9H7D0	Dedicator of cytokinesis protein 5 OS=Homo sapiens OX=9606 GN=DOCK5 PE=1 SV=3	36.992	7.48663101604278	14	13	46.19	0		Carboxyethyl [R1384]	00-data-raw/Donnellan et al. - 2022/Supplementary S2. Full list of MGO modified proteins.xlsx	PBL	22
O76062	Delta(14)-sterol reductase TM7SF2 OS=Homo sapiens OX=9606 GN=TM7SF2 PE=1 SV=3	4.849	4.54545454545454	2	2	5.52	0		Carboxyethyl [K83]	00-data-raw/Donnellan et al. - 2022/Supplementary S2. Full list of MGO modified proteins.xlsx	PBL	23
I3L0R8	Derlin (Fragment) OS=Homo sapiens OX=9606 GN=DERL2 PE=1 SV=1	5.456	15.5	2	2	13.04	1	MG-H1 [R113]		00-data-raw/Donnellan et al. - 2022/Supplementary S2. Full list of MGO modified proteins.xlsx	PBL	24
P78527	DNA-dependent protein kinase catalytic subunit OS=Homo sapiens OX=9606 GN=PRKDC PE=1 SV=3	499.076	26.7926356589147	114	114	856.22	0		Carboxyethyl [K1186]	00-data-raw/Donnellan et al. - 2022/Supplementary S2. Full list of MGO modified proteins.xlsx	PBL	25
P50570	Dynamin-2 OS=Homo sapiens OX=9606 GN=DNM2 PE=1 SV=2	199.1	33.2183908045977	31	17	235.94	0		Carboxyethyl [K617]	00-data-raw/Donnellan et al. - 2022/Supplementary S2. Full list of MGO modified proteins.xlsx	PBL	26
A8MUM1	EARP and GARP complex-interacting protein 1 OS=Homo sapiens OX=9606 GN=EIPR1 PE=1 SV=2	31.779	21.2560386473429	8	8	32.42	1	MG-H1 [R242]		00-data-raw/Donnellan et al. - 2022/Supplementary S2. Full list of MGO modified proteins.xlsx	PBL	27
P51114	Fragile X mental retardation syndrome-related protein 1 OS=Homo sapiens OX=9606 GN=FXR1 PE=1 SV=3	35.502	14.1706924315619	9	7	25.53	0		Carboxyethyl [R368]	00-data-raw/Donnellan et al. - 2022/Supplementary S2. Full list of MGO modified proteins.xlsx	PBL	28
P04075	Fructose-bisphosphate aldolase A OS=Homo sapiens OX=9606 GN=ALDOA PE=1 SV=2	253.534	62.9120879120879	28	26	660.72	0		Carboxyethyl [K147]	00-data-raw/Donnellan et al. - 2022/Supplementary S2. Full list of MGO modified proteins.xlsx	PBL	29
P09972	Fructose-bisphosphate aldolase C OS=Homo sapiens OX=9606 GN=ALDOC PE=1 SV=2	72.857	35.9890109890109	11	9	195.95	0		Carboxyethyl [K147]	00-data-raw/Donnellan et al. - 2022/Supplementary S2. Full list of MGO modified proteins.xlsx	PBL	30
Q02539	Histone H1.1 OS=Homo sapiens OX=9606 GN=H1-1 PE=1 SV=3	58.475	16.7441860465116	7	2	150.98	0		Carboxyethyl [R57]	00-data-raw/Donnellan et al. - 2022/Supplementary S2. Full list of MGO modified proteins.xlsx	PBL	31
Q8WZA9	Immunity-related GTPase family Q protein OS=Homo sapiens OX=9606 GN=IRGQ PE=1 SV=1	10.69	6.90208667736757	3	3	2.89	2	MG-H1 [R530; R532]		00-data-raw/Donnellan et al. - 2022/Supplementary S2. Full list of MGO modified proteins.xlsx	PBL	32
P01768	Immunoglobulin heavy variable 3-30 OS=Homo sapiens OX=9606 GN=IGHV3-30 PE=1 SV=2	5.919	25.6410256410256	2	2	6.17	1	MG-H1 [R57]		00-data-raw/Donnellan et al. - 2022/Supplementary S2. Full list of MGO modified proteins.xlsx	PBL	33
Q14653	Interferon regulatory factor 3 OS=Homo sapiens OX=9606 GN=IRF3 PE=1 SV=1	10.264	16.15925058548	4	4	7.49	1	MG-H1 [R81]		00-data-raw/Donnellan et al. - 2022/Supplementary S2. Full list of MGO modified proteins.xlsx	PBL	34
Q14766-3	Isoform 3 of Latent-transforming growth factor beta-binding protein 1 OS=Homo sapiens OX=9606 GN=LTBP1	339.253	34.053651266766	42	2	637.88	1	MG-H1 [R757]		00-data-raw/Donnellan et al. - 2022/Supplementary S2. Full list of MGO modified proteins.xlsx	PBL	35
Q93084-2	Isoform SERCA3A of Sarcoplasmic/endoplasmic reticulum calcium ATPase 3 OS=Homo sapiens OX=9606 GN=ATP2A3	308.084	34.1341341341341	34	24	775.33	0		Carboxyethyl [K234]	00-data-raw/Donnellan et al. - 2022/Supplementary S2. Full list of MGO modified proteins.xlsx	PBL	36
Q9NQT8	Kinesin-like protein KIF13B OS=Homo sapiens OX=9606 GN=KIF13B PE=1 SV=2	49.647	8.76232201533406	12	12	34.3	1	MG-H1 [R728]		00-data-raw/Donnellan et al. - 2022/Supplementary S2. Full list of MGO modified proteins.xlsx	PBL	37
Q14766	Latent-transforming growth factor beta-binding protein 1 OS=Homo sapiens OX=9606 GN=LTBP1 PE=1 SV=4	338.879	27.3678094131318	42	2	638.55	1	MG-H1 [R1136]		00-data-raw/Donnellan et al. - 2022/Supplementary S2. Full list of MGO modified proteins.xlsx	PBL	38
Q13614	Myotubularin-related protein 2 OS=Homo sapiens OX=9606 GN=MTMR2 PE=1 SV=4	5.907	3.26594090202177	2	2	0	0		Carboxyethyl [K405]	00-data-raw/Donnellan et al. - 2022/Supplementary S2. Full list of MGO modified proteins.xlsx	PBL	39
Q09666	Neuroblast differentiation-associated protein AHNAK OS=Homo sapiens OX=9606 GN=AHNAK PE=1 SV=2	2259.722	69.9320882852292	301	301	3186.56	1	MG-H1 [R92]	Carboxyethyl [K89; K1417]	00-data-raw/Donnellan et al. - 2022/Supplementary S2. Full list of MGO modified proteins.xlsx	PBL	40
P59665	Neutrophil defensin 1 OS=Homo sapiens OX=9606 GN=DEFA1 PE=1 SV=1	34.046	28.7234042553191	6	2	258.49	1	MG-H1 [R88]	Carboxyethyl [R88]	00-data-raw/Donnellan et al. - 2022/Supplementary S2. Full list of MGO modified proteins.xlsx	PBL	41
P05204	Non-histone chromosomal protein HMG-17 OS=Homo sapiens OX=9606 GN=HMGN2 PE=1 SV=3	47.031	66.6666666666666	8	7	101.71	0		Carboxyethyl [K82]	00-data-raw/Donnellan et al. - 2022/Supplementary S2. Full list of MGO modified proteins.xlsx	PBL	42
Q96KG9	N-terminal kinase-like protein OS=Homo sapiens OX=9606 GN=SCYL1 PE=1 SV=1	12.566	5.81683168316831	4	4	21.81	1	MG-H1 [R175]		00-data-raw/Donnellan et al. - 2022/Supplementary S2. Full list of MGO modified proteins.xlsx	PBL	43
A8CG34	Nuclear envelope pore membrane protein POM 121C OS=Homo sapiens OX=9606 GN=POM121C PE=1 SV=3	3.186	1.38323840520748	2	2	2.26	0		Carboxyethyl [K484]	00-data-raw/Donnellan et al. - 2022/Supplementary S2. Full list of MGO modified proteins.xlsx	PBL	44
P23284	Peptidyl-prolyl cis-trans isomerase B OS=Homo sapiens OX=9606 GN=PPIB PE=1 SV=2	123.44	54.1666666666666	15	15	250.88	0		Carboxyethyl [K209]	00-data-raw/Donnellan et al. - 2022/Supplementary S2. Full list of MGO modified proteins.xlsx	PBL	45
P0CG39	POTE ankyrin domain family member J OS=Homo sapiens OX=9606 GN=POTEJ PE=3 SV=1	68.318	6.35838150289017	6	2	313.43	1	MG-H1 [R691]	Carboxyethyl [R691]	00-data-raw/Donnellan et al. - 2022/Supplementary S2. Full list of MGO modified proteins.xlsx	PBL	46
J3KPF0	Probable E3 ubiquitin-protein ligase HECTD4 OS=Homo sapiens OX=9606 GN=HECTD4 PE=1 SV=3	12.87	1.31340579710144	5	5	7.47	0		Carboxyethyl [K1955; R1956]	00-data-raw/Donnellan et al. - 2022/Supplementary S2. Full list of MGO modified proteins.xlsx	PBL	47
Q99623	Prohibitin-2 OS=Homo sapiens OX=9606 GN=PHB2 PE=1 SV=2	62.286	38.1270903010033	12	12	128.1	1	MG-H1 [R209]	Carboxyethyl [R209]	00-data-raw/Donnellan et al. - 2022/Supplementary S2. Full list of MGO modified proteins.xlsx	PBL	48
D6RDA2	Protein DEK (Fragment) OS=Homo sapiens OX=9606 GN=DEK PE=1 SV=1	24.091	49.1803278688524	5	2	55.13	1	MG-H1 [R8]		00-data-raw/Donnellan et al. - 2022/Supplementary S2. Full list of MGO modified proteins.xlsx	PBL	49
P00352	Retinal dehydrogenase 1 OS=Homo sapiens OX=9606 GN=ALDH1A1 PE=1 SV=2	49.673	22.3552894211576	8	7	75.97	0		Carboxyethyl [K412]	00-data-raw/Donnellan et al. - 2022/Supplementary S2. Full list of MGO modified proteins.xlsx	PBL	50
B9ZVT1	RNA-binding protein 12B OS=Homo sapiens OX=9606 GN=RBM12B PE=1 SV=2	18.867	10.1021566401816	7	7	10.85	0		Carboxyethyl [R351]	00-data-raw/Donnellan et al. - 2022/Supplementary S2. Full list of MGO modified proteins.xlsx	PBL	51
Q9NWH9	SAFB-like transcription modulator OS=Homo sapiens OX=9606 GN=SLTM PE=1 SV=2	47.163	12.669245647969	10	10	36.92	0		Carboxyethyl [K356]	00-data-raw/Donnellan et al. - 2022/Supplementary S2. Full list of MGO modified proteins.xlsx	PBL	52
P62136	Serine/threonine-protein phosphatase PP1-alpha catalytic subunit OS=Homo sapiens OX=9606 GN=PPP1CA PE=1 SV=1	117.989	42.4242424242424	15	4	175.96	0		Carboxyethyl [K113]	00-data-raw/Donnellan et al. - 2022/Supplementary S2. Full list of MGO modified proteins.xlsx	PBL	53
P62140	Serine/threonine-protein phosphatase PP1-beta catalytic subunit OS=Homo sapiens OX=9606 GN=PPP1CB PE=1 SV=3	105.22	36.0856269113149	13	4	181.15	0		Carboxyethyl [K112]	00-data-raw/Donnellan et al. - 2022/Supplementary S2. Full list of MGO modified proteins.xlsx	PBL	54
P36873	Serine/threonine-protein phosphatase PP1-gamma catalytic subunit OS=Homo sapiens OX=9606 GN=PPP1CC PE=1 SV=1	105.767	40.2476780185758	14	3	176.4	0		Carboxyethyl [K113]	00-data-raw/Donnellan et al. - 2022/Supplementary S2. Full list of MGO modified proteins.xlsx	PBL	55
P10768	S-formylglutathione hydrolase OS=Homo sapiens OX=9606 GN=ESD PE=1 SV=2	52.504	29.4326241134751	7	7	104.1	0		Carboxyethyl [K186]	00-data-raw/Donnellan et al. - 2022/Supplementary S2. Full list of MGO modified proteins.xlsx	PBL	56
Q96SB8	Structural maintenance of chromosomes protein 6 OS=Homo sapiens OX=9606 GN=SMC6 PE=1 SV=2	3.08	2.38313473877176	2	2	1.9	0		Carboxyethyl [K719]	00-data-raw/Donnellan et al. - 2022/Supplementary S2. Full list of MGO modified proteins.xlsx	PBL	57
Q6PGP7	Tetratricopeptide repeat protein 37 OS=Homo sapiens OX=9606 GN=TTC37 PE=1 SV=1	61.118	11.2531969309462	18	18	55.03	0		Carboxyethyl [R764]	00-data-raw/Donnellan et al. - 2022/Supplementary S2. Full list of MGO modified proteins.xlsx	PBL	58
P62995	Transformer-2 protein homolog beta OS=Homo sapiens OX=9606 GN=TRA2B PE=1 SV=1	19.008	19.0972222222222	5	3	24.29	0		Carboxyethyl [R198]	00-data-raw/Donnellan et al. - 2022/Supplementary S2. Full list of MGO modified proteins.xlsx	PBL	59
B7Z596	Tropomyosin alpha-1 chain OS=Homo sapiens OX=9606 GN=TPM1 PE=1 SV=1	213.187	67.6363636363636	39	14	636.61	0		Carboxyethyl [K223]	00-data-raw/Donnellan et al. - 2022/Supplementary S2. Full list of MGO modified proteins.xlsx	PBL	60
Q8WU90	Zinc finger CCCH domain-containing protein 15 OS=Homo sapiens OX=9606 GN=ZC3H15 PE=1 SV=1	13.909	10.7981220657277	4	4	7.68	0		Carboxyethyl [R292; R298]	00-data-raw/Donnellan et al. - 2022/Supplementary S2. Full list of MGO modified proteins.xlsx	PBL	61
